,incident_id,investigating_agency,roadway_number,street,roadway_direction,roadway_name,roadway_suffix,owner,road_classification,council_district,intersection_roadway,intersection_roadway_name,between_street_1,between_street_name_1,between_street_2,between_street_name_2,latitude,longitude,milepoint,day_of_week,collision_date,collision_time,hour_of_day,units_involved,motor_vehicles_involved,mode,severity,weather,roadway_condition_code,hit_and_run,directional_analysis_code,manner_of_collision,roadway_character,light_condition,secondary_collision,object_id,fatality_indicator,injury_indicator
49,17518514,LOUISVILLE METRO POLICE DEPT,,,,BARRET,AVE,METRO,MINOR ARTERIAL,0,,WINTER,,,,,38.2357083,-85.7276376,1.012,WEDNESDAY,2016/02/03 13:55:00+00,855.0,8AM,2,1,BICYCLE,SUSPECTED SERIOUS INJURY,CLEAR,DRY,False,COLLISION WITH BICYCLE IN INTERSECTION,SINGLE VEHICLE,STRAIGHT & LEVEL,DAYLIGHT,False,50,False,True
231,19046396,LOUISVILLE METRO POLICE DEPT,KY1934,,,GREENBELT,HWY,STATE,MAJOR ARTERIAL,0,,,,DISTRIBUTION,,INTERMODAL,38.1542255,-85.8854641,4.965,FRIDAY,2017/02/04 00:59:00+00,1959.0,7PM,2,1,BICYCLE,SUSPECTED SERIOUS INJURY,CLOUDY,DRY,False,COLLISION WITH BICYCLIST NON INTERSECTION,SINGLE VEHICLE,STRAIGHT & LEVEL,DARK-HWY NOT LIGHTED,False,232,False,True
388,17567476,LOUISVILLE METRO POLICE DEPT,KY1851,,,HUTCHERSON,DR,STATE,LOCAL,0,,,,,,,38.0913224,-85.7011182,0.119,FRIDAY,2016/04/16 03:28:00+00,2328.0,11PM,2,1,BICYCLE,FATALITY,CLEAR,DRY,False,COLLISION WITH BICYCLE IN INTERSECTION,SINGLE VEHICLE,STRAIGHT & GRADE,DAYLIGHT,False,389,True,False
435,18191988,LOUISVILLE METRO POLICE DEPT,,,W,HILL,ST,METRO,MINOR ARTERIAL,0,KY1020,3RD,,,,,38.2258155,-85.7603258,0.186,SUNDAY,2016/09/11 19:25:00+00,1525.0,3PM,2,1,BICYCLE,SUSPECTED SERIOUS INJURY,CLEAR,DRY,False,COLLISION WITH BICYCLE IN INTERSECTION,SINGLE VEHICLE,STRAIGHT & LEVEL,DAYLIGHT,False,436,False,True
483,18306266,LOUISVILLE METRO POLICE DEPT,US0031W,16600,,DIXIE,HWY,STATE,MAJOR ARTERIAL,0,,,,,,,38.0144727,-85.9251568,1.319,MONDAY,2016/10/04 02:04:00+00,2204.0,10PM,2,1,BICYCLE,SUSPECTED SERIOUS INJURY,CLOUDY,DRY,False,COLLISION WITH BICYCLIST NON INTERSECTION,SINGLE VEHICLE,STRAIGHT & LEVEL,DARK-HWY LIGHTED/ON,False,484,False,True
549,18682813,LOUISVILLE METRO POLICE DEPT,,,,ROY WILKINS,AVE,METRO,MAJOR ARTERIAL,0,,JEFFERSON,,,,,38.2547235,-85.7652871,0.199,THURSDAY,2016/12/01 21:21:00+00,1621.0,4PM,2,1,BICYCLE,SUSPECTED SERIOUS INJURY,CLEAR,DRY,False,COLLISION WITH BICYCLE IN INTERSECTION,SINGLE VEHICLE,STRAIGHT & LEVEL,DAYLIGHT,False,550,False,True
551,18695270,LOUISVILLE METRO POLICE DEPT,,,,BROWNS,LN,METRO,MINOR ARTERIAL,0,,LYNNBROOK,,,,,38.2306444,-85.6249941,1.952,SATURDAY,2016/12/03 11:55:00+00,655.0,6AM,2,1,BICYCLE,SUSPECTED SERIOUS INJURY,CLEAR,DRY,False,COLLISION WITH BICYCLE IN INTERSECTION,SINGLE VEHICLE,STRAIGHT & LEVEL,DAWN,False,552,False,True
651,18048031,SHIVELY POLICE DEPARTMENT,US0031W,,,DIXIE,HWY,STATE,MAJOR ARTERIAL,0,,,,STALLINGS,,KLAGES,38.1751109,-85.8222824,13.921,WEDNESDAY,2016/08/03 04:57:00+00,57.0,12AM,3,2,BICYCLE,SUSPECTED SERIOUS INJURY,CLEAR,DRY,False,COLLISION WITH BICYCLIST NON INTERSECTION,ANGLE,STRAIGHT & LEVEL,DARK (UNKNOWN ROADWAY LIGHTING),False,652,False,True
699,19332214,LOUISVILLE METRO POLICE DEPT,KY1142,1020,,PALATKA,RD,STATE,MINOR ARTERIAL,0,,,,,,,38.1521087,-85.7858086,0.917,SUNDAY,2017/03/20 02:38:00+00,2238.0,10PM,2,1,BICYCLE,FATALITY,CLEAR,DRY,False,COLLISION WITH BICYCLIST NON INTERSECTION,SINGLE VEHICLE,STRAIGHT & GRADE,DARK-HWY LIGHTED/ON,False,700,True,False
706,18094648,LOUISVILLE METRO POLICE DEPT,KY1020,,,NATIONAL,TPKE,STATE,MINOR ARTERIAL,0,,,,GERBER,,NEW VENTURE,38.1516974,-85.7643535,5.589,MONDAY,2016/08/22 20:15:00+00,1615.0,4PM,2,1,BICYCLE,SUSPECTED SERIOUS INJURY,CLEAR,DRY,False,COLLISION WITH BICYCLIST NON INTERSECTION,SINGLE VEHICLE,STRAIGHT & GRADE,DAYLIGHT,False,707,False,True
714,19356756,LOUISVILLE METRO POLICE DEPT,KY0155,,,TAYLORSVILLE,RD,STATE,MAJOR ARTERIAL,0,,,I 0264,I264 E EXIT17A OFF RAMP TO KY155,,FURMAN,38.221237,-85.648508,14.561,THURSDAY,2017/03/23 12:08:00+00,808.0,8AM,2,1,BICYCLE,SUSPECTED SERIOUS INJURY,CLEAR,DRY,False,COLLISION WITH BICYCLIST NON INTERSECTION,SINGLE VEHICLE,STRAIGHT & GRADE,DAYLIGHT,False,715,False,True
738,19439951,LOUISVILLE METRO POLICE DEPT,US0031E,,,BARDSTOWN,RD,STATE,MAJOR ARTERIAL,0,,,,LONGEST,,BEECHWOOD,38.2354495,-85.7155869,15.065,FRIDAY,2017/03/31 18:46:00+00,1446.0,2PM,2,1,BICYCLE,SUSPECTED SERIOUS INJURY,CLOUDY,DRY,False,COLLISION WITH BICYCLIST NON INTERSECTION,SINGLE VEHICLE,STRAIGHT & LEVEL,DAYLIGHT,False,739,False,True
741,19514604,LOUISVILLE METRO POLICE DEPT,,,E,BURNETT,AVE,METRO,MINOR ARTERIAL,0,,HANCOCK,,,,,38.225721,-85.7468884,0.544,TUESDAY,2017/04/04 23:08:00+00,1908.0,7PM,2,1,BICYCLE,SUSPECTED SERIOUS INJURY,CLEAR,DRY,False,COLLISION WITH BICYCLE IN INTERSECTION,SINGLE VEHICLE,STRAIGHT & LEVEL,DARK-HWY LIGHTED/ON,False,742,False,True
871,18571218,LOUISVILLE METRO POLICE DEPT,US0031E,,,BARDSTOWN,RD,STATE,MAJOR ARTERIAL,0,,,,CAPTAIN,,GLENMARY FARM,38.1266292,-85.5753851,3.803,SUNDAY,2016/11/06 20:30:00+00,1530.0,3PM,2,1,BICYCLE,FATALITY,CLEAR,DRY,False,COLLISION WITH BICYCLE IN INTERSECTION,SINGLE VEHICLE,STRAIGHT & LEVEL,DAYLIGHT,False,872,True,False
878,18586230,LOUISVILLE METRO POLICE DEPT,US0031W,,,DIXIE,HWY,STATE,MAJOR ARTERIAL,0,,,,HAROLD,,HARDESTY,38.2175738,-85.7953002,17.234,WEDNESDAY,2016/11/09 10:23:00+00,523.0,5AM,2,1,BICYCLE,SUSPECTED SERIOUS INJURY,CLOUDY,DRY,True,COLLISION WITH BICYCLIST NON INTERSECTION,SINGLE VEHICLE,STRAIGHT & LEVEL,DARK-HWY LIGHTED/ON,False,879,False,True
1191,23964209,LOUISVILLE METRO POLICE DEPT,KY0061,,,PRESTON,HWY,STATE,MAJOR ARTERIAL,0,,,,LORETTA,,KREMER,38.17119556,-85.7091038,6.556,TUESDAY,2018/08/29 02:20:00+00,2220.0,10PM,3,2,BICYCLE,FATALITY,CLEAR,DRY,True,COLLISION WITH PEDESTRIAN NON - INTERSECTION,ANGLE,STRAIGHT & LEVEL,OTHER,False,1192,True,False
1193,23964266,LOUISVILLE METRO POLICE DEPT,KY1447,,,WESTPORT,RD,STATE,MINOR ARTERIAL,0,,,,CREEK,,OLD WESTPORT,38.27659047,-85.6022913,3.418,THURSDAY,2018/08/30 08:04:00+00,404.0,4AM,2,1,BICYCLE,FATALITY,CLEAR,DRY,True,COLLISION WITH BICYCLIST NON INTERSECTION,SINGLE VEHICLE,STRAIGHT & GRADE,DARK-HWY NOT LIGHTED,False,1194,True,False
1194,23938652,LOUISVILLE METRO POLICE DEPT,,3305,,GREENWOOD,AVE,METRO,LOCAL,0,,,,,,,38.24302955,-85.80804455,1.243,THURSDAY,2018/08/30 23:54:00+00,1954.0,7PM,2,1,BICYCLE,SUSPECTED SERIOUS INJURY,CLEAR,DRY,False,COLLISION WITH BICYCLIST NON INTERSECTION,SINGLE VEHICLE,STRAIGHT & LEVEL,DAYLIGHT,False,1195,False,True
1223,24153697,LOUISVILLE METRO POLICE DEPT,KY0841,,,GENE SNYDER,FWY,STATE,FREEWAY,0,,,US0031W,US31W N RAMP TO KY841 E,KY0841,KY841 RAMP TO  STONESTREET RD,38.08829957,-85.84604917,1.636,MONDAY,2018/09/17 04:12:00+00,12.0,12AM,2,1,BICYCLE,FATALITY,CLEAR,DRY,False,COLLISION WITH BICYCLIST NON INTERSECTION,SINGLE VEHICLE,STRAIGHT & LEVEL,DARK-HWY LIGHTED/OFF,False,1224,True,False
1240,23029167,LOUISVILLE METRO POLICE DEPT,KY0907,,,VALLEY STATION,RD,STATE,MINOR ARTERIAL,0,,,,,,,38.1056003,-85.8543875,0.714,FRIDAY,2018/03/02 22:16:00+00,1716.0,5PM,2,1,BICYCLE,SUSPECTED SERIOUS INJURY,CLEAR,DRY,False,,SINGLE VEHICLE,STRAIGHT & LEVEL,DAYLIGHT,False,1241,False,True
1302,23226593,LOUISVILLE METRO POLICE DEPT,US0031E,,,BARDSTOWN,RD,STATE,MAJOR ARTERIAL,0,,BASHFORD MANOR,,,,,38.2029986,-85.6644104,11.346,THURSDAY,2018/04/06 01:09:00+00,2109.0,9PM,2,1,BICYCLE,SUSPECTED SERIOUS INJURY,CLEAR,DRY,False,,SINGLE VEHICLE,STRAIGHT & LEVEL,DARK-HWY LIGHTED/OFF,False,1303,False,True
1322,23761661,LOUISVILLE METRO POLICE DEPT,KY1065,,,OUTER,LOOP,STATE,MAJOR ARTERIAL,0,KY0061,PRESTON,,,,,38.138463,-85.6868521,6.046,SUNDAY,2018/04/30 00:50:00+00,2050.0,8PM,2,1,BICYCLE,SUSPECTED SERIOUS INJURY,CLEAR,DRY,False,COLLISION WITH BICYCLE IN INTERSECTION,SINGLE VEHICLE,STRAIGHT & LEVEL,DUSK,False,1323,False,True
1340,23389346,LOUISVILLE METRO POLICE DEPT,,,,BEECH,ST,METRO,LOCAL,0,,,,WILSON,,DR WILLIAM G WEATHERS,38.2276723,-85.8047807,0.786,FRIDAY,2018/05/04 20:09:00+00,1609.0,4PM,2,1,BICYCLE,SUSPECTED SERIOUS INJURY,CLOUDY,DRY,False,,SINGLE VEHICLE,STRAIGHT & LEVEL,DAYLIGHT,False,1341,False,True
1355,20191883,LOUISVILLE METRO POLICE DEPT,US0031E,,,BARDSTOWN,RD,STATE,MAJOR ARTERIAL,0,,,,WATTERSON,,WATTERSON,38.1789809,-85.6227626,8.43,THURSDAY,2017/07/13 05:50:00+00,150.0,1AM,2,1,BICYCLE,FATALITY,CLOUDY,DRY,False,COLLISION WITH BICYCLIST NON INTERSECTION,SINGLE VEHICLE,STRAIGHT & LEVEL,DARK-HWY NOT LIGHTED,False,1356,True,False
1386,20269035,LOUISVILLE METRO POLICE DEPT,,,,HIKES,LN,METRO,MINOR ARTERIAL,0,,EL PATIO,,,,,38.2166879,-85.6311141,2.86,FRIDAY,2017/07/29 01:05:00+00,2105.0,9PM,2,1,BICYCLE,SUSPECTED SERIOUS INJURY,CLEAR,DRY,False,COLLISION WITH BICYCLE IN INTERSECTION,SINGLE VEHICLE,STRAIGHT & LEVEL,DARK-HWY LIGHTED/ON,False,1387,False,True
1398,20360470,SHIVELY POLICE DEPARTMENT,,,,FARNSLEY,RD,SHIVELY,LOCAL,0,,RIEDLEY,,,,,38.20314472,-85.82806166,1.428,THURSDAY,2017/08/03 22:35:00+00,1835.0,6PM,2,1,BICYCLE,FATALITY,CLEAR,DRY,False,COLLISION WITH BICYCLE IN INTERSECTION,SINGLE VEHICLE,STRAIGHT & LEVEL,DAYLIGHT,False,1399,True,False
1510,23503289,LOUISVILLE METRO POLICE DEPT,,6005,,GLORIA,LN,METRO,LOCAL,0,,,,,,,38.16323845,-85.70578097,0.049,SATURDAY,2018/05/26 20:45:00+00,1645.0,4PM,2,1,BICYCLE,SUSPECTED SERIOUS INJURY,CLEAR,DRY,False,COLLISION WITH BICYCLIST NON INTERSECTION,SINGLE VEHICLE,STRAIGHT & LEVEL,DAYLIGHT,False,1511,False,True
1548,23615488,LOUISVILLE METRO POLICE DEPT,KY1931,3636,,MANSLICK,RD,STATE,MINOR ARTERIAL,0,,,,,,,38.1911706,-85.80087701,8.072,FRIDAY,2018/06/23 02:40:00+00,2240.0,10PM,2,1,BICYCLE,SUSPECTED SERIOUS INJURY,CLOUDY,DRY,False,COLLISION WITH BICYCLIST NON INTERSECTION,SINGLE VEHICLE,CURVE & LEVEL,DARK-HWY NOT LIGHTED,False,1549,False,True
1598,23752739,LOUISVILLE METRO POLICE DEPT,KY1747,,,FERN VALLEY,RD,STATE,MAJOR ARTERIAL,0,,,,JEFFERSON,KY1747,KY1747 CROSSOVER,38.1569777,-85.67270365,3.267,WEDNESDAY,2018/07/26 02:53:00+00,2253.0,10PM,2,1,BICYCLE,FATALITY,CLOUDY,DRY,False,COLLISION WITH BICYCLIST NON INTERSECTION,SINGLE VEHICLE,STRAIGHT & LEVEL,DARK-HWY NOT LIGHTED,False,1599,True,False
1632,20737353,LOUISVILLE METRO POLICE DEPT,US0060A,,,LEXINGTON,RD,STATE,MINOR ARTERIAL,0,,STILZ,,,,,38.2486564,-85.6805963,9.226,SATURDAY,2017/10/14 07:56:00+00,356.0,3AM,1,0,BICYCLE,SUSPECTED SERIOUS INJURY,CLEAR,DRY,False,,SINGLE VEHICLE,CURVE & LEVEL,DARK-HWY LIGHTED/ON,False,1633,False,True
1686,20991307,LOUISVILLE METRO POLICE DEPT,,,,WILSON,AVE,METRO,MINOR ARTERIAL,0,,HEMLOCK,,,,,38.2301964,-85.8038105,1.679,WEDNESDAY,2017/11/22 22:01:00+00,1701.0,5PM,2,1,BICYCLE,SUSPECTED SERIOUS INJURY,CLEAR,DRY,False,,SINGLE VEHICLE,STRAIGHT & LEVEL,DAYLIGHT,False,1687,False,True
1703,19677779,LOUISVILLE METRO POLICE DEPT,KY1931,,,7TH STREET,RD,STATE,MAJOR ARTERIAL,0,,,,,,,38.219866,-85.7776617,10.468,MONDAY,2017/05/08 17:01:00+00,1301.0,1PM,2,1,BICYCLE,SUSPECTED SERIOUS INJURY,CLEAR,DRY,False,COLLISION WITH BICYCLIST NON INTERSECTION,SINGLE VEHICLE,STRAIGHT & LEVEL,DAYLIGHT,False,1704,False,True
1739,21887682,LOUISVILLE METRO POLICE DEPT,,,,JEANINE,DR,METRO,PRIMARY COLLECTOR,0,,WOODED,,,,,38.1636178,-85.6880079,0.413,THURSDAY,2017/12/14 22:09:00+00,1709.0,5PM,2,1,BICYCLE,SUSPECTED SERIOUS INJURY,CLOUDY,DRY,False,,SINGLE VEHICLE,STRAIGHT & LEVEL,DUSK,False,1740,False,True
1775,22699027,LOUISVILLE METRO POLICE DEPT,,,S,FLOYD,ST,METRO,PRIMARY COLLECTOR,0,,ORMSBY,,,,,38.2314878,-85.7521548,1.684,MONDAY,2018/01/08 21:16:00+00,1616.0,4PM,2,1,BICYCLE,SUSPECTED SERIOUS INJURY,CLOUDY,WET,False,,SINGLE VEHICLE,STRAIGHT & LEVEL,DAYLIGHT,False,1776,False,True
1878,20047256,UNIV. OF LOUISVILLE POLICE,KY1020,2200,S,3RD,ST,STATE,MAJOR ARTERIAL,0,,,,,,,38.21643106,-85.76177115,10.043,MONDAY,2017/06/19 11:42:00+00,742.0,7AM,2,1,BICYCLE,SUSPECTED SERIOUS INJURY,CLEAR,DRY,False,COLLISION WITH BICYCLIST NON INTERSECTION,SINGLE VEHICLE,STRAIGHT & LEVEL,DAYLIGHT,False,1879,False,True
1890,20105413,LOUISVILLE METRO POLICE DEPT,KY0061,,S,JACKSON,ST,STATE,MINOR ARTERIAL,0,,SAINT CATHERINE,,,,,38.2353261,-85.7472948,11.616,THURSDAY,2017/06/30 02:17:00+00,2217.0,10PM,2,1,BICYCLE,SUSPECTED SERIOUS INJURY,CLEAR,DRY,False,COLLISION WITH BICYCLE IN INTERSECTION,SINGLE VEHICLE,STRAIGHT & LEVEL,DARK-HWY NOT LIGHTED,False,1891,False,True
1901,24047806,LOUISVILLE METRO POLICE DEPT,,,W,PAGES,LN,METRO,PRIMARY COLLECTOR,0,,,,KERRY,US0031W,DIXIE,38.1303723,-85.8498403,0.109,WEDNESDAY,2018/09/26 13:18:00+00,918.0,9AM,2,1,BICYCLE,SUSPECTED SERIOUS INJURY,CLOUDY,WET,False,,SINGLE VEHICLE,STRAIGHT & LEVEL,DAYLIGHT,False,1902,False,True
1949,24192653,LOUISVILLE METRO POLICE DEPT,KY1747,,,FERN VALLEY,RD,STATE,MAJOR ARTERIAL,0,,,,,,,38.1570984,-85.6743159,3.178,THURSDAY,2018/11/02 03:29:00+00,2329.0,11PM,2,1,BICYCLE,FATALITY,FOG WITH RAIN,WET,False,,SINGLE VEHICLE,STRAIGHT & LEVEL,DARK-HWY NOT LIGHTED,False,1950,True,False
1952,24217867,LOUISVILLE METRO POLICE DEPT,,,,PEE WEE REESE,RD,METRO,PRIMARY COLLECTOR,0,KY0155,TAYLORSVILLE,,,,,38.22293549,-85.66846628,0.004,WEDNESDAY,2018/11/07 17:48:00+00,1248.0,12PM,2,1,BICYCLE,SUSPECTED SERIOUS INJURY,CLEAR,DRY,True,COLLISION WITH BICYCLE IN INTERSECTION,SINGLE VEHICLE,STRAIGHT & LEVEL,DAYLIGHT,False,1953,False,True
1957,24296017,LOUISVILLE METRO POLICE DEPT,KY2054,,,ALGONQUIN,PKWY,STATE,MAJOR ARTERIAL,0,,,,COLORADO,,COMPTON,38.21344516,-85.77239938,3.047,SATURDAY,2018/11/17 22:47:00+00,1747.0,5PM,2,1,BICYCLE,FATALITY,CLEAR,DRY,False,COLLISION WITH BICYCLIST NON INTERSECTION,SINGLE VEHICLE,CURVE & LEVEL,DUSK,False,1958,True,False
1960,24365726,LOUISVILLE METRO POLICE DEPT,KY0864,,,POPLAR LEVEL,RD,STATE,MAJOR ARTERIAL,0,,,,HUNTINGTON PARK,,PRODUCE,38.17917741,-85.69210133,9.875,WEDNESDAY,2018/11/21 16:16:00+00,1116.0,11AM,2,1,BICYCLE,SUSPECTED SERIOUS INJURY,CLEAR,DRY,False,COLLISION WITH BICYCLIST NON INTERSECTION,SINGLE VEHICLE,STRAIGHT & LEVEL,DAYLIGHT,False,1961,False,True
2027,24501138,LOUISVILLE METRO POLICE DEPT,,3611,,PARTHENIA,AVE,METRO,LOCAL,0,,,,,,,38.19415953,-85.79224716,0.644,SATURDAY,2019/01/05 06:45:00+00,145.0,1AM,2,1,BICYCLE,FATALITY,CLEAR,DRY,True,COLLISION WITH BICYCLIST NON INTERSECTION,SINGLE VEHICLE,STRAIGHT & LEVEL,DARK-HWY NOT LIGHTED,False,2028,True,False
2157,25997556,LOUISVILLE METRO POLICE DEPT,,4325,,DOVER,RD,METRO,PRIMARY COLLECTOR,0,,,,,,,38.18642906,-85.83311005,0.56,THURSDAY,2019/03/29 01:41:00+00,2141.0,9PM,2,1,BICYCLE,SUSPECTED SERIOUS INJURY,CLOUDY,DRY,True,COLLISION WITH BICYCLIST NON INTERSECTION,SINGLE VEHICLE,STRAIGHT & LEVEL,DARK-HWY NOT LIGHTED,False,2158,False,True
2176,24938938,LOUISVILLE METRO POLICE DEPT,,,,RUDY,LN,METRO,PRIMARY COLLECTOR,0,,,,TWO SPRINGS,,MERRIFIELD,38.27500229,-85.63508298,0.289,FRIDAY,2019/04/12 17:41:00+00,1341.0,1PM,2,1,MOTOR VEHICLE,SUSPECTED SERIOUS INJURY,CLEAR,DRY,False,COLLISION WITH BICYCLIST NON INTERSECTION,SINGLE VEHICLE,STRAIGHT & LEVEL,DAYLIGHT,True,2177,False,True
2177,24938938,LOUISVILLE METRO POLICE DEPT,,,,RUDY,LN,METRO,PRIMARY COLLECTOR,0,,,,TWO SPRINGS,,MERRIFIELD,38.27500229,-85.63508298,0.289,FRIDAY,2019/04/12 17:41:00+00,1341.0,1PM,2,1,BICYCLE,SUSPECTED SERIOUS INJURY,CLEAR,DRY,False,COLLISION WITH BICYCLIST NON INTERSECTION,SINGLE VEHICLE,STRAIGHT & LEVEL,DAYLIGHT,True,2178,False,True
2202,24976961,LOUISVILLE METRO POLICE DEPT,KY1020,,S,3RD,ST,STATE,MAJOR ARTERIAL,0,,ST CATHERINE,,,,,38.23722912,-85.75820702,11.488,TUESDAY,2019/04/23 16:26:00+00,1226.0,12PM,2,1,BICYCLE,SUSPECTED SERIOUS INJURY,CLEAR,DRY,True,COLLISION WITH PEDESTRIAN IN INTERSECTION,SINGLE VEHICLE,CURVE & LEVEL,DAYLIGHT,False,2203,False,True
2235,25076525,LOUISVILLE METRO POLICE DEPT,US0060,,,FRANKFORT,AVE,STATE,MAJOR ARTERIAL,0,,JANE,,,,,38.25336845,-85.70332341,0.926,THURSDAY,2019/05/16 23:19:00+00,1919.0,7PM,2,1,BICYCLE,SUSPECTED SERIOUS INJURY,CLEAR,DRY,False,COLLISION WITH BICYCLE IN INTERSECTION,SINGLE VEHICLE,STRAIGHT & LEVEL,DAYLIGHT,False,2236,False,True
2278,25124089,LOUISVILLE METRO POLICE DEPT,,2803,,WYANDOTTE,AVE,METRO,LOCAL,0,,,,,,,38.22486978,-85.80242383,0.036,MONDAY,2019/05/27 20:12:00+00,1612.0,4PM,2,1,BICYCLE,SUSPECTED SERIOUS INJURY,CLEAR,DRY,False,COLLISION WITH BICYCLIST NON INTERSECTION,SINGLE VEHICLE,STRAIGHT & LEVEL,DAYLIGHT,False,2279,False,True
2312,25151755,LOUISVILLE METRO POLICE DEPT,,,,RIVER,RD,METRO,MINOR ARTERIAL,0,,INDIAN HILLS,,,,,38.28934787,-85.68231391,1.042,SUNDAY,2019/06/02 14:07:00+00,1007.0,10AM,2,1,BICYCLE,SUSPECTED SERIOUS INJURY,CLEAR,DRY,False,COLLISION WITH BICYCLE IN INTERSECTION,SINGLE VEHICLE,STRAIGHT & LEVEL,DAYLIGHT,False,2313,False,True
2440,26431385,LOUISVILLE METRO POLICE DEPT,,,,PHILLIPS,LN,METRO,MINOR ARTERIAL,0,,,,,,,38.19002918,-85.74714369,0.271,WEDNESDAY,2020/02/27 01:47:00+00,2047.0,8PM,2,1,BICYCLE,SUSPECTED SERIOUS INJURY,CLEAR,WET,False,COLLISION WITH BICYCLIST NON INTERSECTION,SINGLE VEHICLE,STRAIGHT & LEVEL,DARK-HWY LIGHTED/ON,False,2441,False,True
2554,26083079,LOUISVILLE METRO POLICE DEPT,KY2055,,W,MANSLICK,RD,STATE,PRIMARY COLLECTOR,0,,STAR REST,,,,,38.11843012,-85.79383405,3.655,THURSDAY,2019/12/19 23:36:00+00,1836.0,6PM,2,1,BICYCLE,SUSPECTED SERIOUS INJURY,CLEAR,DRY,True,COLLISION WITH BICYCLE IN INTERSECTION,SINGLE VEHICLE,CURVE & LEVEL,DARK-HWY LIGHTED/ON,False,2555,False,True
2562,26897222,LOUISVILLE METRO POLICE DEPT,,5116,W,PAGES,LN,METRO,PRIMARY COLLECTOR,0,,,,,,,38.13034967,-85.85308706,0.286,SUNDAY,2020/07/05 23:06:00+00,1906.0,7PM,2,1,BICYCLE,SUSPECTED SERIOUS INJURY,RAINING,WET,False,COLLISION WITH BICYCLIST NON INTERSECTION,SINGLE VEHICLE,STRAIGHT & LEVEL,DAYLIGHT,False,2563,False,True
2673,25675687,LYNDON POLICE DEPARTMENT,KY2050,708,,LYNDON,LN,STATE,MINOR ARTERIAL,0,,,,,,,38.26026409,-85.60523228,0.126,FRIDAY,2019/09/20 09:11:00+00,511.0,5AM,2,1,BICYCLE,SUSPECTED SERIOUS INJURY,CLOUDY,DRY,False,COLLISION WITH BICYCLIST NON INTERSECTION,SINGLE VEHICLE,STRAIGHT & LEVEL,DARK-HWY LIGHTED/ON,False,2674,False,True
2694,25938307,LOUISVILLE METRO POLICE DEPT,KY1747,,,FERN VALLEY,RD,STATE,MAJOR ARTERIAL,0,,,,INDUSTRIAL,,ULRICH,38.15700504,-85.70714888,1.376,THURSDAY,2019/09/26 08:02:00+00,402.0,4AM,2,1,BICYCLE,FATALITY,CLEAR,DRY,True,COLLISION WITH BICYCLIST NON INTERSECTION,SINGLE VEHICLE,STRAIGHT & LEVEL,DARK-HWY NOT LIGHTED,False,2695,True,False
2767,25761687,LOUISVILLE METRO POLICE DEPT,,,W,CARDINAL,BLVD,METRO,MINOR ARTERIAL,0,KY1020,3RD,,,,,38.2205531,-85.76117736,0.181,THURSDAY,2019/10/10 18:22:00+00,1422.0,2PM,2,1,BICYCLE,SUSPECTED SERIOUS INJURY,CLEAR,DRY,False,COLLISION WITH BICYCLE IN INTERSECTION,SINGLE VEHICLE,STRAIGHT & LEVEL,DAYLIGHT,False,2768,False,True
2772,25460019,LOUISVILLE METRO POLICE DEPT,KY1450,,,BLUE LICK,RD,STATE,MINOR ARTERIAL,0,,HILLPARK,,,,,38.09645071,-85.69658439,0.739,SATURDAY,2019/08/11 03:48:00+00,2348.0,11PM,2,1,BICYCLE,SUSPECTED SERIOUS INJURY,CLEAR,DRY,True,COLLISION WITH BICYCLE IN INTERSECTION,SINGLE VEHICLE,STRAIGHT & LEVEL,DARK-HWY NOT LIGHTED,False,2773,False,True
2784,25804575,LOUISVILLE METRO POLICE DEPT,US0031W,,,DIXIE,HWY,STATE,MAJOR ARTERIAL,0,,ST PAULS CHURCH,,,,,38.15200995,-85.83626511,12.194,SATURDAY,2019/10/19 16:36:00+00,1236.0,12PM,2,1,BICYCLE,SUSPECTED SERIOUS INJURY,CLEAR,DRY,False,COLLISION WITH BICYCLE IN INTERSECTION,SINGLE VEHICLE,STRAIGHT & LEVEL,DAYLIGHT,False,2785,False,True
2791,26645392,LOUISVILLE METRO POLICE DEPT,KY1934,,,CANE RUN,RD,STATE,MAJOR ARTERIAL,0,,,KY2049,CRUMS,,HARTLAGE,38.19990254,-85.83672835,9.236,FRIDAY,2020/04/24 19:54:00+00,1554.0,3PM,2,1,BICYCLE,SUSPECTED SERIOUS INJURY,CLEAR,DRY,True,COLLISION WITH BICYCLIST NON INTERSECTION,SINGLE VEHICLE,STRAIGHT & LEVEL,DAYLIGHT,False,2792,False,True
2871,26714686,LOUISVILLE METRO POLICE DEPT,KY0061,,S,PRESTON,ST,STATE,MAJOR ARTERIAL,0,US0060A,EASTERN,,,,,38.21456271,-85.7430708,10.125,FRIDAY,2020/05/16 01:16:00+00,2116.0,9PM,4,3,BICYCLE,SUSPECTED SERIOUS INJURY,CLOUDY,WET,False,COLLISION WITH BICYCLE IN INTERSECTION,ANGLE,STRAIGHT & LEVEL,DARK-HWY LIGHTED/ON,False,2872,False,True
2914,26982550,LOUISVILLE METRO POLICE DEPT,,,S,26TH,ST,METRO,MINOR ARTERIAL,0,,GREENWOOD,,,,,38.24193574,-85.79574447,1.302,THURSDAY,2020/07/24 00:53:00+00,2053.0,8PM,2,1,BICYCLE,SUSPECTED SERIOUS INJURY,CLOUDY,WET,True,COLLISION WITH BICYCLE IN INTERSECTION,SINGLE VEHICLE,STRAIGHT & LEVEL,DAYLIGHT,False,2915,False,True
3036,27196650,LOUISVILLE METRO POLICE DEPT,,,,DIXIE,HWY,METRO,MINOR ARTERIAL,0,,,,LEE,,LEE,38.22668024,-85.79113155,1.604,THURSDAY,2020/09/10 14:10:00+00,1010.0,10AM,2,1,BICYCLE,SUSPECTED SERIOUS INJURY,CLEAR,DRY,False,COLLISION WITH BICYCLIST NON INTERSECTION,SINGLE VEHICLE,STRAIGHT & LEVEL,DAYLIGHT,False,3037,False,True
3064,27858682,LOUISVILLE METRO POLICE DEPT,,,,BLUEGRASS,AVE,METRO,PRIMARY COLLECTOR,0,,,,,,,38.17945919,-85.78642288,0.68,SUNDAY,2021/03/07 20:18:00+00,1518.0,3PM,2,1,BICYCLE,SUSPECTED SERIOUS INJURY,CLEAR,DRY,False,COLLISION WITH BICYCLIST NON INTERSECTION,SINGLE VEHICLE,STRAIGHT & LEVEL,DAYLIGHT,False,3065,False,True
3081,27301377,LOUISVILLE METRO POLICE DEPT,KY3064,,,NORTHWESTERN,PKWY,STATE,MINOR ARTERIAL,0,,,,,,,38.27476782,-85.80348581,1.244,TUESDAY,2020/10/07 02:26:00+00,2226.0,10PM,2,1,BICYCLE,SUSPECTED SERIOUS INJURY,CLEAR,DRY,False,COLLISION WITH BICYCLIST NON INTERSECTION,SINGLE VEHICLE,STRAIGHT & LEVEL,DARK-HWY LIGHTED/ON,False,3082,False,True
3146,27630984,LOUISVILLE METRO POLICE DEPT,,,S,6TH,ST,METRO,MINOR ARTERIAL,0,US0150,BROADWAY,,,,,38.24632388,-85.7617172,0.742,THURSDAY,2021/01/01 03:12:00+00,2212.0,10PM,2,1,BICYCLE,SUSPECTED SERIOUS INJURY,CLEAR,DRY,True,COLLISION WITH BICYCLE IN INTERSECTION,SINGLE VEHICLE,STRAIGHT & LEVEL,DARK-HWY LIGHTED/ON,False,3147,False,True
3237,29394128,ST. MATTHEWS POLICE DEPARTMENT,,,,BROWNS,LN,METRO,PRIMARY COLLECTOR,0,,,,HILLSBORO,,SPRINGHILL,38.24326735,-85.64012803,0.733,MONDAY,2021/12/06 11:22:00+00,622.0,6AM,2,1,BICYCLE,SUSPECTED SERIOUS INJURY,RAINING,WET,True,COLLISION WITH BICYCLIST NON INTERSECTION,SINGLE VEHICLE,STRAIGHT & LEVEL,DARK-HWY NOT LIGHTED,False,3238,False,True
3312,28313792,LOUISVILLE METRO POLICE DEPT,,1307,,CLARA,AVE,METRO,LOCAL,0,,,,,,,38.19976102,-85.78328067,0.035,MONDAY,2021/06/28 22:00:00+00,1800.0,6PM,2,1,BICYCLE,SUSPECTED SERIOUS INJURY,CLEAR,DRY,False,COLLISION WITH BICYCLIST NON INTERSECTION,SINGLE VEHICLE,STRAIGHT & LEVEL,DAYLIGHT,False,3313,False,True
3324,28225429,LOUISVILLE METRO POLICE DEPT,KY1932,,,BRECKENRIDGE,LN,STATE,MINOR ARTERIAL,0,,BERKSHIRE,,,,,38.2224753,-85.63269116,3.065,TUESDAY,2021/05/11 04:40:00+00,40.0,12AM,2,1,MOTOR VEHICLE,SUSPECTED SERIOUS INJURY,OTHER,DRY,False,COLLISION WITH BICYCLE IN INTERSECTION,SINGLE VEHICLE,STRAIGHT & LEVEL,DARK (UNKNOWN ROADWAY LIGHTING),False,3325,False,True
3326,28559136,LOUISVILLE METRO POLICE DEPT,,,,GARLAND,AVE,METRO,PRIMARY COLLECTOR,0,,28TH,,,,,38.24496253,-85.79907815,1.76,TUESDAY,2021/08/24 20:29:00+00,1629.0,4PM,2,1,BICYCLE,SUSPECTED SERIOUS INJURY,CLEAR,DRY,True,COLLISION WITH BICYCLE IN INTERSECTION,SINGLE VEHICLE,STRAIGHT & LEVEL,DAYLIGHT,False,3327,False,True
3356,28144979,LOUISVILLE METRO POLICE DEPT,,,,STRAWBERRY,LN,METRO,PRIMARY COLLECTOR,0,,EILER,,,,,38.16529151,-85.75480214,0.731,TUESDAY,2021/05/18 07:25:00+00,325.0,3AM,2,1,BICYCLE,SUSPECTED SERIOUS INJURY,CLEAR,DRY,True,COLLISION WITH BICYCLE IN INTERSECTION,SINGLE VEHICLE,STRAIGHT & LEVEL,DARK-HWY NOT LIGHTED,False,3357,False,True
3358,28343801,LOUISVILLE METRO POLICE DEPT,,2907,W,MARKET,ST,METRO,MINOR ARTERIAL,0,,29TH,,,,,38.2600609,-85.79897838,0.688,SUNDAY,2021/07/05 01:27:00+00,2127.0,9PM,2,1,BICYCLE,SUSPECTED SERIOUS INJURY,CLEAR,DRY,True,COLLISION WITH BICYCLE IN INTERSECTION,SINGLE VEHICLE,STRAIGHT & LEVEL,DUSK,False,3359,False,True
3360,27475123,LOUISVILLE METRO POLICE DEPT,KY1020,,,NATIONAL,TPKE,STATE,MINOR ARTERIAL,0,,TOLLS,,,,,38.13576578,-85.75241181,4.29,WEDNESDAY,2020/11/11 06:24:00+00,124.0,1AM,2,1,BICYCLE,SUSPECTED SERIOUS INJURY,CLEAR,DRY,False,COLLISION WITH BICYCLE IN INTERSECTION,SINGLE VEHICLE,STRAIGHT & LEVEL,DARK-HWY NOT LIGHTED,False,3361,False,True
3392,28167984,LOUISVILLE METRO POLICE DEPT,,,S,HANCOCK,ST,METRO,LOCAL,0,US0150,BROADWAY,,,,,38.2450422,-85.74360737,0.693,FRIDAY,2021/05/21 11:08:00+00,708.0,7AM,2,1,BICYCLE,SUSPECTED SERIOUS INJURY,CLEAR,DRY,True,COLLISION WITH PEDESTRIAN IN INTERSECTION,SINGLE VEHICLE,STRAIGHT & LEVEL,DUSK,False,3393,False,True
3401,29901008,LOUISVILLE METRO POLICE DEPT,,7123,,GRADE,LN,METRO,MINOR ARTERIAL,0,,,,,,,38.14252642,-85.73850772,3.102,MONDAY,2021/08/31 01:05:00+00,2105.0,9PM,2,1,BICYCLE,FATALITY,RAINING,WET,True,COLLISION WITH BICYCLIST NON INTERSECTION,SINGLE VEHICLE,STRAIGHT & LEVEL,DARK-HWY LIGHTED/OFF,False,3402,True,False
3420,28173265,LOUISVILLE METRO POLICE DEPT,KY1747,3215,,FERN VALLEY,RD,STATE,MAJOR ARTERIAL,0,,,,,,,38.15704546,-85.70497155,1.495,MONDAY,2021/05/24 22:09:00+00,1809.0,6PM,2,1,BICYCLE,SUSPECTED SERIOUS INJURY,CLEAR,DRY,False,COLLISION WITH BICYCLIST NON INTERSECTION,SINGLE VEHICLE,STRAIGHT & LEVEL,DAYLIGHT,False,3421,False,True
3440,28309371,LOUISVILLE METRO POLICE DEPT,US0031W,7600,,DIXIE,HWY,STATE,MAJOR ARTERIAL,0,,,,,,,38.14291255,-85.8399874,11.64,WEDNESDAY,2021/06/02 05:51:00+00,151.0,1AM,3,1,BICYCLE,SUSPECTED SERIOUS INJURY,RAINING,WET,False,COLLISION WITH BICYCLIST NON INTERSECTION,SINGLE VEHICLE,STRAIGHT & LEVEL,DARK-HWY NOT LIGHTED,False,3441,False,True
3441,28309371,LOUISVILLE METRO POLICE DEPT,US0031W,7600,,DIXIE,HWY,STATE,MAJOR ARTERIAL,0,,,,,,,38.14291255,-85.8399874,11.64,WEDNESDAY,2021/06/02 05:51:00+00,151.0,1AM,3,1,BICYCLE,FATALITY,RAINING,WET,False,COLLISION WITH BICYCLIST NON INTERSECTION,SINGLE VEHICLE,STRAIGHT & LEVEL,DARK-HWY NOT LIGHTED,False,3442,True,False
3488,28357948,LOUISVILLE METRO POLICE DEPT,,3100,,RIVER,RD,METRO,MINOR ARTERIAL,0,,,,,,,38.28071243,-85.69456457,0.163,SATURDAY,2021/07/10 10:05:00+00,605.0,6AM,2,1,BICYCLE,SUSPECTED SERIOUS INJURY,RAINING,WET,False,COLLISION WITH BICYCLIST NON INTERSECTION,SINGLE VEHICLE,STRAIGHT & LEVEL,DAWN,False,3489,False,True
3494,29504197,LOUISVILLE METRO POLICE DEPT,KY0907,,,SOUTHSIDE,DR,STATE,MINOR ARTERIAL,0,KY1020,NATIONAL,,,,,38.15253447,-85.76563646,7.036,THURSDAY,2021/12/23 21:05:00+00,1605.0,4PM,2,1,BICYCLE,SUSPECTED SERIOUS INJURY,CLOUDY,DRY,False,COLLISION WITH BICYCLE IN INTERSECTION,SINGLE VEHICLE,STRAIGHT & LEVEL,DAYLIGHT,False,3495,False,True
3550,29535874,LOUISVILLE METRO POLICE DEPT,,,W,MARKET,ST,METRO,MINOR ARTERIAL,5,,,,,,,38.26036316,-85.80158418,0.832,SUNDAY,2022/01/02 19:13:00+00,1413.0,2PM,2,1,BICYCLE,SUSPECTED SERIOUS INJURY,CLOUDY,DRY,True,COLLISION WITH BICYCLIST NON INTERSECTION,SINGLE VEHICLE,STRAIGHT & LEVEL,DAYLIGHT,False,3551,False,True
3551,29739440,LOUISVILLE METRO POLICE DEPT,KY1727,6600,,TERRY,RD,STATE,MINOR ARTERIAL,12,,,,,,,38.15448135,-85.86872195,2.292,MONDAY,2022/02/22 01:29:00+00,2029.0,8PM,2,1,BICYCLE,FATALITY,CLOUDY,DRY,True,COLLISION WITH BICYCLIST NON INTERSECTION,SINGLE VEHICLE,STRAIGHT & LEVEL,DARK-HWY NOT LIGHTED,False,3552,True,False
3559,29526330,LOUISVILLE METRO POLICE DEPT,,,S,3RD,ST,METRO,MINOR ARTERIAL,21,,LANSING,,,,,38.19257578,-85.76494974,0.552,SUNDAY,2022/01/03 00:28:00+00,1928.0,7PM,2,1,BICYCLE,SUSPECTED SERIOUS INJURY,CLEAR,DRY,True,OTHER INTERSECTION COLLISIONS,SINGLE VEHICLE,STRAIGHT & LEVEL,DARK-HWY NOT LIGHTED,False,3560,False,True
3650,28798550,LOUISVILLE METRO POLICE DEPT,KY1020,,,NATIONAL,TPKE,STATE,MINOR ARTERIAL,0,,TOLLS,,,,,38.13561156,-85.75231654,4.278,SUNDAY,2021/09/19 21:23:00+00,1723.0,5PM,2,1,BICYCLE,FATALITY,RAINING,WET,False,COLLISION WITH BICYCLE IN INTERSECTION,SINGLE VEHICLE,STRAIGHT & LEVEL,DAYLIGHT,False,3651,True,False
3663,28776311,LOUISVILLE METRO POLICE DEPT,,,S,24TH,ST,METRO,LOCAL,0,,CHESTNUT,,,,,38.25274365,-85.79191514,0.531,MONDAY,2021/09/21 01:12:00+00,2112.0,9PM,2,1,BICYCLE,SUSPECTED SERIOUS INJURY,CLEAR,DRY,False,COLLISION WITH BICYCLE IN INTERSECTION,SINGLE VEHICLE,STRAIGHT & LEVEL,DARK-HWY LIGHTED/ON,False,3664,False,True
3681,29466505,SHIVELY POLICE DEPARTMENT,KY1931,3200,,7TH STREET,RD,STATE,MAJOR ARTERIAL,0,,,,,,,38.20024902,-85.79540761,8.821,THURSDAY,2021/09/23 21:06:00+00,1706.0,5PM,2,1,BICYCLE,FATALITY,CLEAR,DRY,True,COLLISION WITH BICYCLIST NON INTERSECTION,SINGLE VEHICLE,STRAIGHT & LEVEL,DAYLIGHT,False,3682,True,False
3841,28522046,LOUISVILLE METRO POLICE DEPT,,,S,26TH,ST,METRO,MINOR ARTERIAL,0,,MARKET,,,,,38.25949921,-85.79374753,0.087,SATURDAY,2021/08/14 05:43:00+00,143.0,1AM,2,1,BICYCLE,SUSPECTED SERIOUS INJURY,CLEAR,DRY,True,COLLISION WITH BICYCLE IN INTERSECTION,SINGLE VEHICLE,STRAIGHT & LEVEL,DARK-HWY LIGHTED/ON,False,3842,False,True
3894,28084052,LOUISVILLE METRO POLICE DEPT,US0060A,1540,,BERRY,BLVD,STATE,MINOR ARTERIAL,0,,,,,,,38.19659194,-85.79084908,1.038,SUNDAY,2021/05/02 05:12:00+00,112.0,1AM,2,1,BICYCLE,SUSPECTED SERIOUS INJURY,CLEAR,DRY,True,COLLISION WITH BICYCLIST NON INTERSECTION,SINGLE VEHICLE,STRAIGHT & LEVEL,DARK-HWY LIGHTED/ON,False,3895,False,True
3935,29187055,LOUISVILLE METRO POLICE DEPT,US0031W,,S,22ND,ST,STATE,MAJOR ARTERIAL,0,,,,WOODLAND,,STANDARD,38.23216589,-85.79155393,18.399,THURSDAY,2021/11/04 23:16:00+00,1916.0,7PM,2,1,BICYCLE,SUSPECTED SERIOUS INJURY,CLEAR,DRY,False,COLLISION WITH BICYCLIST NON INTERSECTION,SINGLE VEHICLE,STRAIGHT & GRADE,DARK-HWY NOT LIGHTED,False,3936,False,True
3972,29321718,LOUISVILLE METRO POLICE DEPT,KY2048,,,DUTCHMANS,LN,STATE,MINOR ARTERIAL,0,,GAST,,,,,38.22419746,-85.65463154,0.234,TUESDAY,2021/11/16 06:40:00+00,140.0,1AM,2,1,BICYCLE,SUSPECTED SERIOUS INJURY,CLEAR,DRY,False,COLLISION WITH BICYCLE IN INTERSECTION,SINGLE VEHICLE,STRAIGHT & LEVEL,DAYLIGHT,False,3973,False,True
4005,30795024,LOUISVILLE METRO POLICE DEPT,US0031W,10101,,DIXIE,HWY,STATE,MAJOR ARTERIAL,14,,,,,,,38.11124573,-85.8642182,8.918,WEDNESDAY,2022/11/09 07:45:00+00,245.0,2AM,2,1,BICYCLE,SUSPECTED SERIOUS INJURY,CLEAR,DRY,True,COLLISION WITH BICYCLIST NON INTERSECTION,SINGLE VEHICLE,STRAIGHT & LEVEL,DARK-HWY NOT LIGHTED,False,4006,False,True
4024,30924303,LOUISVILLE METRO POLICE DEPT,KY1020,,,NATIONAL,TPKE,STATE,MINOR ARTERIAL,13,,FARMERS,,,,,38.10344391,-85.73983383,1.904,MONDAY,2022/11/14 20:36:00+00,1536.0,3PM,2,1,BICYCLE,FATALITY,CLEAR,DRY,False,COLLISION WITH BICYCLE IN INTERSECTION,SINGLE VEHICLE,STRAIGHT & LEVEL,DAYLIGHT,False,4025,True,False
4236,30595744,LOUISVILLE METRO POLICE DEPT,,,S,32ND,ST,METRO,LOCAL,5,,KENTUCKY,,,,,38.24420417,-85.80596595,1.215,WEDNESDAY,2022/09/21 16:18:00+00,1218.0,12PM,2,1,BICYCLE,SUSPECTED SERIOUS INJURY,CLEAR,DRY,True,COLLISION WITH BICYCLE IN INTERSECTION,SINGLE VEHICLE,STRAIGHT & LEVEL,DAYLIGHT,False,4237,False,True
4250,31799367,LOUISVILLE METRO POLICE DEPT,,,,LOUIS COLEMAN JR,DR,METRO,LOCAL,5,,BROADWAY,,,,,38.24984892,-85.8078801,0.772,TUESDAY,2023/06/20 23:30:00+00,1930.0,7PM,2,1,BICYCLE,SUSPECTED SERIOUS INJURY,CLEAR,DRY,True,COLLISION WITH BICYCLE IN INTERSECTION,SINGLE VEHICLE,STRAIGHT & LEVEL,DAYLIGHT,False,4251,False,True
4264,29988817,LOUISVILLE METRO POLICE DEPT,KY0155,,,TAYLORSVILLE,RD,STATE,MAJOR ARTERIAL,8,I 0264,I264 W EXIT17A OFF RAMP TO KY155 S,,,,,38.22159715,-85.65281677,14.795,THURSDAY,2022/04/21 19:00:00+00,1500.0,3PM,2,1,BICYCLE,SUSPECTED SERIOUS INJURY,CLOUDY,DRY,False,OTHER INTERSECTION COLLISIONS,SINGLE VEHICLE,STRAIGHT & LEVEL,DAYLIGHT,False,4265,False,True
4278,31174200,LOUISVILLE METRO POLICE DEPT,KY0155,,,TAYLORSVILLE,RD,STATE,MAJOR ARTERIAL,8,,BROADMEADE,,,,,38.22370186,-85.67865636,16.205,FRIDAY,2023/01/27 19:45:00+00,1445.0,2PM,2,1,BICYCLE,SUSPECTED SERIOUS INJURY,CLEAR,DRY,False,COLLISION WITH BICYCLE IN INTERSECTION,SINGLE VEHICLE,STRAIGHT & LEVEL,DAYLIGHT,False,4279,False,True
4308,32079242,LYNDON POLICE DEPARTMENT,,,,LA GRANGE,RD,METRO,PRIMARY COLLECTOR,7,,,,BLUE VALE,,AUTUMN RIDGE,38.26539706,-85.59463847,0.706,TUESDAY,2023/08/15 11:19:00+00,719.0,7AM,3,2,BICYCLE,FATALITY,CLEAR,DRY,False,COLLISION WITH BICYCLIST NON INTERSECTION,ANGLE,STRAIGHT & LEVEL,DAYLIGHT,False,4309,True,False
4310,30421072,LOUISVILLE METRO POLICE DEPT,,1100B,,HOMEVIEW,DR,METRO,LOCAL,3,,,,,,,38.20508533,-85.77826683,0.263,THURSDAY,2022/08/11 19:31:00+00,1531.0,3PM,2,1,BICYCLE,SUSPECTED SERIOUS INJURY,CLEAR,DRY,True,COLLISION WITH BICYCLIST NON INTERSECTION,SINGLE VEHICLE,STRAIGHT & LEVEL,DAYLIGHT,False,4311,False,True
4317,29979928,LOUISVILLE METRO POLICE DEPT,,,,ZORN,AVE,METRO,MINOR ARTERIAL,9,I 0071,I71 S EXIT2 ON RAMP FROM  ZORN AVE,,,,,38.27522185,-85.69768777,1.584,SUNDAY,2022/04/24 23:47:00+00,1947.0,7PM,2,1,BICYCLE,SUSPECTED SERIOUS INJURY,CLEAR,DRY,False,COLLISION WITH BICYCLE IN INTERSECTION,SINGLE VEHICLE,STRAIGHT & LEVEL,DAYLIGHT,False,4318,False,True
4349,30236176,LOUISVILLE METRO POLICE DEPT,,2819,,RODMAN,ST,METRO,LOCAL,3,,,,,,,38.20870017,-85.77000137,0.208,WEDNESDAY,2022/06/22 18:42:00+00,1442.0,2PM,2,1,BICYCLE,SUSPECTED SERIOUS INJURY,CLEAR,DRY,True,COLLISION WITH BICYCLIST NON INTERSECTION,SINGLE VEHICLE,STRAIGHT & LEVEL,DAYLIGHT,False,4350,False,True
4364,30654692,LOUISVILLE METRO POLICE DEPT,KY1065,2200,,OUTER,LOOP,STATE,MAJOR ARTERIAL,13,,,,,,,38.13265984,-85.72616727,3.819,WEDNESDAY,2022/09/28 09:29:00+00,529.0,5AM,2,1,BICYCLE,SUSPECTED SERIOUS INJURY,CLEAR,DRY,False,COLLISION WITH BICYCLIST NON INTERSECTION,SINGLE VEHICLE,STRAIGHT & LEVEL,DARK (UNKNOWN ROADWAY LIGHTING),False,4365,False,True
4402,30648167,SHIVELY POLICE DEPARTMENT,KY2049,2211,,CRUMS,LN,STATE,MINOR ARTERIAL,3,,,,,,,38.1944999,-85.81306161,1.384,MONDAY,2022/10/04 01:11:00+00,2111.0,9PM,2,1,BICYCLE,SUSPECTED SERIOUS INJURY,CLEAR,DRY,False,COLLISION WITH BICYCLIST NON INTERSECTION,SINGLE VEHICLE,STRAIGHT & LEVEL,DARK-HWY LIGHTED/ON,False,4403,False,True
4427,30446513,LOUISVILLE METRO POLICE DEPT,KY2048,,,DUTCHMANS,LN,STATE,MINOR ARTERIAL,8,,GAST,,,,,38.22415874,-85.65468992,0.227,WEDNESDAY,2022/08/17 18:46:00+00,1446.0,2PM,2,1,BICYCLE,SUSPECTED SERIOUS INJURY,CLEAR,DRY,False,COLLISION WITH BICYCLE IN INTERSECTION,SINGLE VEHICLE,STRAIGHT & LEVEL,DAYLIGHT,False,4428,False,True
4446,31247050,LOUISVILLE METRO POLICE DEPT,KY0841,,,GENE SNYDER,FWY,STATE,FREEWAY,13,,,KY0841,KY841 CROSSOVER,I 0065,I65 S EXIT125 RAMP FROM KY481,38.11419064,-85.71575301,9.459,MONDAY,2023/02/13 21:39:00+00,1639.0,4PM,2,1,BICYCLE,FATALITY,CLEAR,DRY,False,COLLISION WITH BICYCLIST NON INTERSECTION,SINGLE VEHICLE,STRAIGHT & LEVEL,DAYLIGHT,False,4447,True,False
4485,32076592,LOUISVILLE METRO POLICE DEPT,,,,FEGENBUSH,LN,METRO,MINOR ARTERIAL,2,,NORFOLK,,,,,38.18387487,-85.63826634,0.233,MONDAY,2023/08/21 18:57:00+00,1457.0,2PM,2,1,BICYCLE,SUSPECTED SERIOUS INJURY,CLEAR,DRY,False,COLLISION WITH BICYCLE IN INTERSECTION,SINGLE VEHICLE,STRAIGHT & LEVEL,DAYLIGHT,False,4486,False,True
4495,30329282,LOUISVILLE METRO POLICE DEPT,US0031W,,,DIXIE,HWY,STATE,MAJOR ARTERIAL,25,,,,US31W RAMP FROM KY841,,US31W,38.09328054,-85.87415593,0.248,MONDAY,2022/06/27 20:59:00+00,1659.0,4PM,2,1,BICYCLE,FATALITY,CLEAR,DRY,False,COLLISION WITH BICYCLIST NON INTERSECTION,SINGLE VEHICLE,CURVE & LEVEL,DAYLIGHT,False,4496,True,False
4522,30235686,SHIVELY POLICE DEPARTMENT,KY2051,2400B,,ROCKFORD,LN,STATE,MINOR ARTERIAL,3,,,,,,,38.17646922,-85.84291334,1.087,TUESDAY,2022/06/28 05:11:00+00,111.0,1AM,2,1,BICYCLE,SUSPECTED SERIOUS INJURY,CLEAR,DRY,False,COLLISION WITH BICYCLIST NON INTERSECTION,SINGLE VEHICLE,STRAIGHT & LEVEL,DARK-HWY LIGHTED/OFF,False,4523,False,True
4534,31289460,LOUISVILLE METRO POLICE DEPT,KY1865,,,NEW CUT,RD,STATE,MAJOR ARTERIAL,25,KY0907,SOUTHSIDE,,,,,38.14578799,-85.77531827,2.672,TUESDAY,2023/02/21 21:09:00+00,1609.0,4PM,2,1,BICYCLE,SUSPECTED SERIOUS INJURY,CLEAR,DRY,False,COLLISION WITH BICYCLE IN INTERSECTION,SINGLE VEHICLE,STRAIGHT & LEVEL,DAYLIGHT,False,4535,False,True
4554,30263168,LOUISVILLE METRO POLICE DEPT,KY0864,,,POPLAR LEVEL,RD,STATE,MAJOR ARTERIAL,10,,,,,,,38.19159858,-85.70528129,11.009,THURSDAY,2022/07/01 03:56:00+00,2356.0,11PM,1,0,BICYCLE,SUSPECTED SERIOUS INJURY,CLEAR,DRY,False,OTHER ROADWAY OR MID-BLOCK COLLISION,SINGLE VEHICLE,STRAIGHT & LEVEL,DARK-HWY LIGHTED/ON,False,4555,False,True
4601,32118058,LOUISVILLE METRO POLICE DEPT,,,,DELOR,AVE,METRO,LOCAL,10,,PACKARD,,,,,38.210348,-85.73353629,0.937,WEDNESDAY,2023/08/30 11:49:00+00,749.0,7AM,2,1,BICYCLE,SUSPECTED SERIOUS INJURY,CLEAR,DRY,False,COLLISION WITH BICYCLE IN INTERSECTION,SINGLE VEHICLE,STRAIGHT & LEVEL,DAYLIGHT,False,4602,False,True
4605,31931496,LOUISVILLE METRO POLICE DEPT,US0060A,1643,,BERRY,BLVD,STATE,MINOR ARTERIAL,3,,,,,,,38.19665319,-85.79289735,0.92,SATURDAY,2023/07/22 05:47:00+00,147.0,1AM,2,1,BICYCLE,SUSPECTED SERIOUS INJURY,CLEAR,DRY,True,COLLISION WITH BICYCLIST NON INTERSECTION,SINGLE VEHICLE,STRAIGHT & LEVEL,DARK-HWY LIGHTED/ON,False,4606,False,True
4649,30073063,LOUISVILLE METRO POLICE DEPT,,,E,PAGES,LN,METRO,PRIMARY COLLECTOR,12,,,,,,,38.11700138,-85.83544687,1.176,TUESDAY,2022/05/17 21:35:00+00,1735.0,5PM,1,0,BICYCLE,SUSPECTED SERIOUS INJURY,CLEAR,DRY,True,1 VEHICLE ENTERING/LEAVING ENTRANCE,ANGLE,STRAIGHT & LEVEL,DAYLIGHT,False,4650,False,True
4710,30674477,LOUISVILLE METRO POLICE DEPT,,,,ARCADE,AVE,METRO,PRIMARY COLLECTOR,3,,UTAH,,,,,38.20640539,-85.78471095,0.343,SUNDAY,2022/07/10 21:31:00+00,1731.0,5PM,1,1,BICYCLE,SUSPECTED SERIOUS INJURY,CLEAR,DRY,True,COLLISION WITH BICYCLE IN INTERSECTION,SINGLE VEHICLE,STRAIGHT & LEVEL,DAYLIGHT,False,4711,False,True
4748,30726565,LOUISVILLE METRO POLICE DEPT,KY1865,,,NEW CUT,RD,STATE,MAJOR ARTERIAL,21,,KENWOOD,,,,,38.16161384,-85.77917151,3.775,FRIDAY,2022/10/22 02:35:00+00,2235.0,10PM,2,1,BICYCLE,SUSPECTED SERIOUS INJURY,CLEAR,DRY,False,COLLISION WITH BICYCLE IN INTERSECTION,SINGLE VEHICLE,STRAIGHT & LEVEL,DARK-HWY LIGHTED/ON,False,4749,False,True
4763,30560897,LOUISVILLE METRO POLICE DEPT,,,,NORRIS,PL,METRO,PRIMARY COLLECTOR,8,,DEERWOOD,,,,,38.22698007,-85.70841093,0.393,SUNDAY,2022/09/11 23:30:00+00,1930.0,7PM,2,1,BICYCLE,SUSPECTED SERIOUS INJURY,CLEAR,DRY,False,COLLISION WITH BICYCLE IN INTERSECTION,SINGLE VEHICLE,STRAIGHT & HILLCREST,DAWN,False,4764,False,True
4797,32225375,LOUISVILLE METRO POLICE DEPT,,,,OLD BROWNSBORO HILLS,RD,BROWNSBORO FARM,LOCAL,16,,,,,,,38.30124306,-85.59547943,0.131,FRIDAY,2023/09/01 20:20:00+00,1620.0,4PM,2,1,BICYCLE,FATALITY,CLEAR,DRY,True,COLLISION WITH BICYCLIST NON INTERSECTION,SINGLE VEHICLE,STRAIGHT & LEVEL,DAYLIGHT,False,4798,True,False
4821,30333699,LOUISVILLE METRO POLICE DEPT,KY1727,,,TERRY,RD,STATE,MINOR ARTERIAL,12,,RIVER POINTE,,,,,38.15033382,-85.86990369,1.999,SUNDAY,2022/07/17 06:28:00+00,228.0,2AM,5,4,BICYCLE,FATALITY,CLOUDY,DRY,True,COLLISION WITH BICYCLE IN INTERSECTION,HEAD ON,STRAIGHT & LEVEL,DARK-HWY NOT LIGHTED,False,4822,True,False
4840,30314522,LOUISVILLE METRO POLICE DEPT,,4731,S,3RD,ST,METRO,MINOR ARTERIAL,21,,,,,,,38.18115045,-85.76631558,1.347,SUNDAY,2022/07/18 01:16:00+00,2116.0,9PM,2,1,BICYCLE,SUSPECTED SERIOUS INJURY,CLEAR,DRY,False,COLLISION WITH BICYCLIST NON INTERSECTION,SINGLE VEHICLE,STRAIGHT & LEVEL,DARK-HWY LIGHTED/ON,False,4841,False,True
4901,32031555,LOUISVILLE METRO POLICE DEPT,,,,KRAMERS,LN,METRO,PRIMARY COLLECTOR,1,,,,,,,38.20392845,-85.8434775,0.507,THURSDAY,2023/08/10 20:15:00+00,1615.0,4PM,2,1,BICYCLE,SUSPECTED SERIOUS INJURY,CLEAR,DRY,False,COLLISION WITH BICYCLIST NON INTERSECTION,SINGLE VEHICLE,STRAIGHT & LEVEL,DAYLIGHT,False,4902,False,True
4912,32281440,LOUISVILLE METRO POLICE DEPT,KY1065,,,OUTER,LOOP,STATE,MAJOR ARTERIAL,24,,,,CAROL,,NOLTEMEYER WYNDE,38.13826052,-85.68378317,6.22,FRIDAY,2023/09/23 03:25:00+00,2325.0,11PM,2,1,BICYCLE,FATALITY,CLEAR,DRY,False,COLLISION WITH PEDESTRIAN NON - INTERSECTION,SINGLE VEHICLE,STRAIGHT & LEVEL,DARK-HWY NOT LIGHTED,False,4913,True,False
4927,30799715,LOUISVILLE METRO POLICE DEPT,KY0061,,,PRESTON,HWY,STATE,MAJOR ARTERIAL,24,,LAMBERT,,,,,38.1350234,-85.68490408,3.708,TUESDAY,2022/11/02 00:17:00+00,2017.0,8PM,2,1,BICYCLE,FATALITY,CLEAR,DRY,True,COLLISION WITH BICYCLE IN INTERSECTION,SINGLE VEHICLE,STRAIGHT & LEVEL,DARK-HWY NOT LIGHTED,False,4928,True,False
